{
    "GlobalSettings": {
      "DefaultSourceRoot": "EBD",
      "DefaultTargetRoot": "GED",
      "DefaultPlatform": "Any",
      "DefaultInstallPolicy": "RemoveAndCopy",
      "DefaultUninstallPolicy": "Remove",
      "ItemsComposition": "DefaultWithGameOverride"
    },
    "DefaultGameSettings": {
      "Files": [
        {
          "Path": "x64/d3d12.dll",
          "InstallPath": "d3d12.dll",
          "TargetRoot": "GED",
          "Platform": "x64"
        },
        {
          "Path": "x64/dxcompiler.dll",
          "InstallPath": "dxcompiler.dll",
          "TargetRoot": "GED",
          "Platform": "x64"
        },
        {
          "Path": "x64/dxil.dll",
          "InstallPath": "dxil.dll",
          "TargetRoot": "GED",
          "Platform": "x64"
        },
        {
          "Path": "x64/SpatialLabs3D.dll",
          "InstallPath": "SpatialLabs3D.dll",
          "TargetRoot": "GED",
          "Platform": "x64"
        },
        {
          "Path": "x64/dinput8.dll",
          "InstallPath": "dinput8.dll",
          "TargetRoot": "GED",
          "Platform": "x64"
        },
        {
          "Path": "x64/re2_framework_log.txt",
          "InstallPath": "re2_framework_log.txt",
          "TargetRoot": "GED",
          "Platform": "x64",
          "InstallPolicy": "DoNothing",
          "UninstallPolicy": "Remove"
        },
        {
          "Path": "x64/re2_fw_config.txt",
          "InstallPath": "re2_fw_config.txt",
          "TargetRoot": "GED",
          "Platform": "x64",
          "InstallPolicy": "DoNothing",
          "UninstallPolicy": "Remove"
        },
        {
          "Path": "x64/reframework_crash.dmp",
          "InstallPath": "reframework_crash.dmp",
          "TargetRoot": "GED",
          "Platform": "x64",
          "InstallPolicy": "DoNothing",
          "UninstallPolicy": "Remove"
        }
      ]
    }
  }